fixture,ecosystem,name,version,direct,purl
python-vulnerable,pypi,PyYAML,5.3.1,true,pkg:pypi/pyyaml@5.3.1
python-vulnerable,pypi,requests,2.25.0,true,pkg:pypi/requests@2.25.0
python-vulnerable,pypi,certifi,2020.12.5,false,pkg:pypi/certifi@2020.12.5
python-vulnerable,pypi,chardet,3.0.4,false,pkg:pypi/chardet@3.0.4
python-vulnerable,pypi,idna,2.10,false,pkg:pypi/idna@2.10
python-vulnerable,pypi,urllib3,1.26.4,false,pkg:pypi/urllib3@1.26.4
python-fixed,pypi,PyYAML,5.4,true,pkg:pypi/pyyaml@5.4
python-fixed,pypi,requests,2.25.0,true,pkg:pypi/requests@2.25.0
python-fixed,pypi,certifi,2020.12.5,false,pkg:pypi/certifi@2020.12.5
python-fixed,pypi,chardet,3.0.4,false,pkg:pypi/chardet@3.0.4
python-fixed,pypi,idna,2.10,false,pkg:pypi/idna@2.10
python-fixed,pypi,urllib3,1.26.5,false,pkg:pypi/urllib3@1.26.5
npm-vulnerable,npm,lodash,4.17.20,true,pkg:npm/lodash@4.17.20
npm-vulnerable,npm,mkdirp,0.5.1,true,pkg:npm/mkdirp@0.5.1
npm-vulnerable,npm,minimist,0.0.8,false,pkg:npm/minimist@0.0.8
npm-fixed,npm,lodash,4.18.0,true,pkg:npm/lodash@4.18.0
npm-fixed,npm,mkdirp,0.5.6,true,pkg:npm/mkdirp@0.5.6
npm-fixed,npm,minimist,1.2.6,false,pkg:npm/minimist@1.2.6
go-vulnerable,golang,golang.org/x/text,0.3.7,true,pkg:golang/golang.org/x/text@v0.3.7
go-fixed,golang,golang.org/x/text,0.3.8,true,pkg:golang/golang.org/x/text@v0.3.8
maven-vulnerable,maven,org.apache.logging.log4j:log4j-core,2.14.1,true,pkg:maven/org.apache.logging.log4j/log4j-core@2.14.1
maven-vulnerable,maven,org.apache.logging.log4j:log4j-api,2.14.1,false,pkg:maven/org.apache.logging.log4j/log4j-api@2.14.1
maven-vulnerable,maven,org.apache.commons:commons-text,1.9,true,pkg:maven/org.apache.commons/commons-text@1.9
maven-vulnerable,maven,org.apache.commons:commons-lang3,3.11,false,pkg:maven/org.apache.commons/commons-lang3@3.11
maven-fixed,maven,org.apache.logging.log4j:log4j-core,2.17.1,true,pkg:maven/org.apache.logging.log4j/log4j-core@2.17.1
maven-fixed,maven,org.apache.logging.log4j:log4j-api,2.17.1,false,pkg:maven/org.apache.logging.log4j/log4j-api@2.17.1
maven-fixed,maven,org.apache.commons:commons-text,1.10.0,true,pkg:maven/org.apache.commons/commons-text@1.10.0
maven-fixed,maven,org.apache.commons:commons-lang3,3.12.0,false,pkg:maven/org.apache.commons/commons-lang3@3.12.0
conan-cpp,conan,zlib,1.2.11,true,pkg:conan/zlib@1.2.11
conan-cpp,conan,openssl,1.1.1u,true,pkg:conan/openssl@1.1.1u
